Title,Published_date,Views,Likes,Comments,Name
Finding the Tallest Tree: comparing tree-based models,2022-04-06,242,8,3,Data Science Dojo
Introduction to Sales Funnel | Marketing Analytics for Beginners | Part-17,2022-03-31,263,12,0,Data Science Dojo
Translating Data into Effective Decisions,2022-03-31,449,22,0,Data Science Dojo
Ace the Data Science Interview with Nick Singh,2022-03-30,414,24,0,Data Science Dojo
Introduction to Sources | Marketing Analytics for Beginners | Part-16,2022-03-25,215,2,0,Data Science Dojo
AI & ML Workflows with Kubernetes,2022-03-24,496,30,0,Data Science Dojo
Redis Crash Course for Artificial Intelligence & Machine Learning,2022-03-23,486,24,1,Data Science Dojo
Introduction to Call to Action | Marketing Analytics for Beginners | Part-15,2022-03-17,210,6,0,Data Science Dojo
Web Scraping with Python and BeautifulSoup,2022-03-17,1730,74,5,Data Science Dojo
Introduction to Lead Scoring | Marketing Analytics for Beginners | Part-14,2022-03-10,434,15,1,Data Science Dojo
Python Crash Course for Excel Users,2022-03-10,1375,53,1,Data Science Dojo
Introduction to Direct Traffic | Marketing Analytics for Beginners | Part-13,2022-03-03,281,7,0,Data Science Dojo
Introduction to Engagement Rate | Marketing Analytics for Beginners | Part-12,2022-02-24,384,10,0,Data Science Dojo
Introduction to Cookies | Marketing Analytics for Beginners | Part-11,2022-02-17,433,13,0,Data Science Dojo
Introduction to Churn Analytics | Marketing Analytics for Beginners | Part-10,2022-02-10,596,12,2,Data Science Dojo
Introduction to Labels | Marketing Analytics for Beginners | Part-9,2022-02-03,361,14,2,Data Science Dojo
Introduction to Properties | Marketing Analytics for Beginners | Part-8,2022-01-27,361,13,0,Data Science Dojo
Introduction to Bounce Rate | Marketing Analytics for Beginners | Part-7,2022-01-21,340,5,0,Data Science Dojo
Introduction to Attribution | Marketing Analytics for Beginners | Part-6,2022-01-13,651,16,2,Data Science Dojo
SQL Crash Course for Beginners,2022-01-12,8445,528,7,Data Science Dojo
Introduction to Alexa Rank | Marketing Analytics for Beginners | Part-5,2022-01-06,436,5,5,Data Science Dojo
Introduction to Sessions | Marketing Analytics for Beginners | Part-4,2021-12-24,471,8,0,Data Science Dojo
Introduction to Unique Visitors | Marketing Analytics for Beginners | Part-3,2021-12-17,883,19,3,Data Science Dojo
Introduction to Events | Marketing Analytics for Beginners | Part-2,2021-12-10,523,20,6,Data Science Dojo
Testing and Online Experimentation,2021-12-09,244,9,0,Data Science Dojo
Introduction to Impressions | Marketing Analytics for Beginners | Part-1,2021-12-02,765,20,0,Data Science Dojo
Getting High-Quality Data for Your Computer Vision Models,2021-11-11,647,23,0,Data Science Dojo
Causal Behavioral Modeling Framework - Discrete Choice Modeling of Consumer Demand,2021-11-04,567,19,0,Data Science Dojo
Automating Supervised Machine Learning Pipeline Development,2021-10-28,869,54,1,Data Science Dojo
Search Query Expansion Using Natural Language Processing and Machine Learning,2021-09-09,1743,43,0,Data Science Dojo
Introduction to Deep Learning with PyTorch,2021-07-15,1608,48,0,Data Science Dojo
How to Forecast Sales Using Prophet and Python in 15 Lines of Code,2021-07-13,3698,85,8,Data Science Dojo
Data Analysis Challenges in Cybersecurity,2021-06-17,2185,44,3,Data Science Dojo
Data Analysis Challenges in Cybersecurity,2021-06-16,97,3,0,Data Science Dojo
Building Trustworthy AI Solutions,2021-05-12,399,12,0,Data Science Dojo
Coding Up a Linear Regression Algorithm From Scratch,2021-04-22,3081,102,4,Data Science Dojo
First Principles in Building a Real-Time AI Platform,2021-03-31,952,20,3,Data Science Dojo
Get started with real-time Data Streaming,2021-03-25,1003,18,0,Data Science Dojo
"Miles to go before I sleep: gamification, health wearables and  activity",2021-03-11,630,6,0,Data Science Dojo
Machine Learning for Signal Processing: Data Compression and Denoising,2021-02-25,2089,63,1,Data Science Dojo
Azure Custom Vision for Beginners,2021-02-18,4775,64,11,Data Science Dojo
A Day in The Life of a Data Scientist,2020-12-22,2908,69,6,Data Science Dojo
Introduction to Recommender Systems,2020-01-01,16331,392,19,Data Science Dojo
"Data Storage Systems: Taking a look at Redshift, MySQL, PostGreSQL, Hadoop and others",2019-12-18,2253,41,2,Data Science Dojo
Data Science Dojo Alumni - Emmanuel Tachie-Menson,2019-11-13,881,12,0,Data Science Dojo
Data Science Dojo Alumni - Iyinola Abosede-Brown,2019-11-08,924,13,0,Data Science Dojo
Introduction to Natural Language Processing (NLP),2019-11-06,13043,223,21,Data Science Dojo
Data Science Dojo Alumni - Harris Thamby,2019-10-30,368,5,0,Data Science Dojo
Data Science Dojo Alumni - Akshita Garg,2019-10-30,554,6,0,Data Science Dojo
Experiment Management for Machine Learning,2019-09-04,3401,75,9,Data Science Dojo
AMA: Data Science Job Interviews,2019-07-31,2811,80,3,Data Science Dojo
Calling Pre-built Functions - Introduction to R Programming - Part 9,2019-07-03,3697,37,1,Data Science Dojo
Data Frames - Introduction to R Programming - Part 6,2019-07-03,4835,61,1,Data Science Dojo
"Arithmetic, Rational, Logical Operators - Introduction to R Programming - Part 4",2019-07-03,6020,70,4,Data Science Dojo
How to Write Functions in R - Introduction to R Programming - Part 11,2019-07-03,46498,445,14,Data Science Dojo
Creating Variables in R - Introduction to R Programming - Part 3,2019-07-03,20243,132,3,Data Science Dojo
"Control Statements: For Loop, If, Else - Introduction to R Programming - Part 10",2019-07-03,13152,144,8,Data Science Dojo
Using Factors - Introduction to R Programming - Part 8,2019-07-03,3056,39,4,Data Science Dojo
Working with Vectors - Introduction to R Programming - Part 7,2019-07-03,3441,40,1,Data Science Dojo
Read and Write Data - Introduction to R Programming - Part 5,2019-07-03,6236,65,2,Data Science Dojo
Data Types in R - Introduction to R Programming - Part 2,2019-07-03,7133,85,5,Data Science Dojo
"Your first ""Hello World"" program - Introduction R Programming - Part 1",2019-07-03,19876,200,5,Data Science Dojo
What is a Data Engineer?,2019-06-05,48561,841,28,Data Science Dojo
Time Series Forecasting in Minutes,2019-05-15,82166,1509,19,Data Science Dojo
Evaluating Our Model with statistics and matplotlib | Time Series in Python Part 3,2019-05-08,3174,67,3,Data Science Dojo
ARIMA modeling and forecasting | Time Series in Python Part 2,2019-05-01,23947,225,11,Data Science Dojo
Read and Index your data with pandas | Time Series in Python Part 1,2019-04-24,9381,181,20,Data Science Dojo
Data Science Dojo Alumni - Mike Hughes,2019-04-18,598,8,0,Data Science Dojo
One Versus One vs. One Versus All in Classification,2019-04-17,21831,594,21,Data Science Dojo
N-Grams in Natural Language Processing,2019-04-10,42225,1806,45,Data Science Dojo
Introduction to Natural Language Processing,2019-04-03,6583,128,1,Data Science Dojo
Building data science products? Think business first!,2019-03-18,2346,80,3,Data Science Dojo
Introduction to Clustering,2019-03-13,62974,1210,39,Data Science Dojo
Scheduling your Script using cronR | Automated Web Scraping in R Part 2,2019-02-25,8587,189,16,Data Science Dojo
Automated Web Scraping in R using rvest,2019-02-15,45696,662,42,Data Science Dojo
AI For Social Good,2019-02-04,1168,23,2,Data Science Dojo
"Introduction to Precision, Recall and F1 | Classification Models",2019-02-04,37202,987,38,Data Science Dojo
Introduction to the Confusion Matrix in Classification,2019-01-28,29124,722,22,Data Science Dojo
Introduction to Classification Models,2019-01-21,14780,365,12,Data Science Dojo
Steps in Experimentation | A/B Testing Fundamentals,2019-01-14,3393,78,0,Data Science Dojo
What is A/A Testing? | A/B Testing Fundamentals,2019-01-09,13525,333,4,Data Science Dojo
Data Science Dojo Alumni - Dylan Pierce,2019-01-08,251,5,1,Data Science Dojo
What is Multivariate Testing? | Data Science in Minutes,2019-01-08,16060,276,2,Data Science Dojo
What is A/B Testing? | Data Science in Minutes,2018-12-28,187287,3850,51,Data Science Dojo
Data Science Dojo Alumni - Hamad Anwar,2018-12-20,488,10,2,Data Science Dojo
Automated Web Scraping in R Part 1| Writing your Script using rvest,2018-12-20,32074,508,37,Data Science Dojo
Nonprofit Case Study | Jacky Sawyer | Breaking Ground,2018-12-19,659,5,0,Data Science Dojo
Data Science Dojo Alumni - Olusegun Lawal,2018-12-19,259,3,0,Data Science Dojo
Data Science Dojo Alumni - Nichole Nobbman,2018-12-19,228,3,0,Data Science Dojo
Data Science Dojo Alumni - Sergei Lebedev,2018-11-16,282,5,2,Data Science Dojo
Data Science Dojo Careers,2018-11-14,630,17,0,Data Science Dojo
Natural Language Processing 101 + Dialogflow Chatbot,2018-11-13,17907,283,8,Data Science Dojo
Data Science Dojo Alumni - Dharma Dandu,2018-11-07,284,2,0,Data Science Dojo
Data Science Dojo Alumni - Ryan Maguire,2018-11-05,167,0,0,Data Science Dojo
Data Science Dojo Alumni - Alang'O Otieno,2018-10-29,257,6,0,Data Science Dojo
Data Science Dojo Alumni - Kevin Burke,2018-10-25,182,3,0,Data Science Dojo
Alumni Share Their Experience at Data Science Dojo,2018-09-29,1769,8,0,Data Science Dojo
Data Science Dojo Alumni - Markus Nyland,2018-09-24,219,2,0,Data Science Dojo
Data Science Dojo Alumni - Louell Uy,2018-09-24,116,2,0,Data Science Dojo
Data Science Dojo Alumni - Mohamed Kashkoush,2018-09-24,201,5,0,Data Science Dojo
Data Science Dojo Alumni - Vince Vardhanabhuti,2018-09-10,545,4,0,Data Science Dojo
Data Science Dojo Alumni - Kapil Pandey,2018-09-07,349,0,0,Data Science Dojo
Data Science Dojo Alumni - Haydar Ozler,2018-09-07,408,1,0,Data Science Dojo
Data Science Dojo Alumni - Camillo Giovannini,2018-09-07,130,0,0,Data Science Dojo
Data Science Dojo Alumni - Gurbinder Suri,2018-09-06,220,3,1,Data Science Dojo
Data Science Dojo Alumni - Carlos Martinez,2018-08-31,151,3,0,Data Science Dojo
Data Science Dojo Alumni - Ewerton John,2018-08-29,187,3,0,Data Science Dojo
Data Science Dojo Alumni - Baidurja Ray,2018-08-29,155,0,0,Data Science Dojo
Data Science Dojo Alumni - Eric Ryszkiewicz,2018-08-23,323,4,0,Data Science Dojo
Data Science Dojo Alumni - Alan Portugal,2018-08-21,242,2,0,Data Science Dojo
Data Science Dojo Alumni - Kevin Hassnain,2018-06-29,326,3,0,Data Science Dojo
Data Science Dojo Alumni - Chris Shei,2018-06-25,441,6,1,Data Science Dojo
Data Science Dojo Nonprofit Fellow - Jacky Sawyer,2018-06-21,659,10,3,Data Science Dojo
Introduction to Data Visualization with ggplot2,2018-06-21,7193,97,8,Data Science Dojo
Education Technology Case Study | Michael Hernandez | Pearson Education,2018-05-01,1127,28,1,Data Science Dojo
Data Science Dojo Alumni - Dr. Arindam Sen,2018-04-23,367,4,1,Data Science Dojo
Data Science Dojo Alumni - Mohammed Abdul-Gaffoor,2018-04-19,416,8,0,Data Science Dojo
Data Science Dojo Alumni - Gemma Miranda,2018-04-18,418,7,0,Data Science Dojo
Data Science Dojo Alumni - Darth Vaughn,2018-04-13,458,6,1,Data Science Dojo
Data Science Dojo Alumni - Patrick Moss,2018-04-13,273,7,0,Data Science Dojo
Data Science Dojo Alumni - Andres de Frutos Zambrano,2018-03-30,276,3,0,Data Science Dojo
Data Science Dojo Alumni - Russell Roefer,2018-03-27,170,4,0,Data Science Dojo
Data Manipulation with dplyr,2018-03-16,11430,120,10,Data Science Dojo
Data Science Dojo Alumni - Patrick Cronin,2018-03-15,213,3,2,Data Science Dojo
Data Science Dojo Alumni - Nicholas Noyer,2018-03-13,230,9,1,Data Science Dojo
Getting started with Python and R for Data Science,2018-02-27,13333,116,11,Data Science Dojo
Business Financial Case Study | Eytan Bensoussan | NorthOne,2018-02-26,999,7,3,Data Science Dojo
Data Science Dojo Alumni - James Maze,2018-02-22,280,4,0,Data Science Dojo
Feature Engineering | Introduction to dplyr Part 4,2018-01-27,7713,116,4,Data Science Dojo
Intersect & Setdiff Functions | Introduction to dplyr Part 3,2018-01-26,4856,61,3,Data Science Dojo
"Reshape, Subset, and Summarize Data | Introduction to dplyr Part 2",2018-01-25,20842,267,14,Data Science Dojo
Setup and Data Preparation | Introduction to dplyr Part 1,2018-01-24,12601,146,12,Data Science Dojo
Data Science Dojo Alumni - Khalid Alkhorayef,2018-01-19,408,11,1,Data Science Dojo
Data Science Dojo Alumni - Sanjay Jejurikar,2018-01-18,351,1,1,Data Science Dojo
Building a Business Case for your Machine Learning Idea,2018-01-12,4012,63,1,Data Science Dojo
Data Science Dojo Alumni - Mohamed Almoghalis,2017-12-29,197,1,0,Data Science Dojo
Data Science Dojo Alumni - Satakarni Bommuluri,2017-12-28,227,4,0,Data Science Dojo
Data Science Dojo Alumni - Nida Fuad,2017-12-28,334,5,0,Data Science Dojo
Ethical Dimensions of Data Science,2017-12-15,1603,12,0,Data Science Dojo
Data Science Dojo Alumni - Dipjyoti Das,2017-12-12,552,6,0,Data Science Dojo
Data Science Dojo Alumni - Elizabeth Burke,2017-12-08,556,8,1,Data Science Dojo
Data Science Dojo Alumni - Pavan Shah,2017-11-24,525,8,1,Data Science Dojo
Data Science Dojo Alumni - Bruno Varela,2017-11-23,359,7,1,Data Science Dojo
Data Science Dojo Alumni - Sherry Soong,2017-11-21,176,1,0,Data Science Dojo
Digital Marketing Case Study | Patrick Butler | 2060 Digital,2017-11-20,1903,16,0,Data Science Dojo
Data Science Dojo Alumni - Tonna Agim,2017-11-16,247,5,0,Data Science Dojo
Data Science Dojo Alumni - Shyam Srikumar,2017-11-14,246,2,0,Data Science Dojo
Data Science Dojo Alumni - Deep Patel,2017-11-14,131,0,0,Data Science Dojo
Feature Engineering for Web Bot Detection,2017-10-26,4305,57,5,Data Science Dojo
Data Science Dojo Alumni - Marco Viets,2017-10-19,289,1,0,Data Science Dojo
Online Experimentation and AB Testing,2017-10-14,2674,35,4,Data Science Dojo
Building Robust Machine Learning Models,2017-10-12,5964,75,1,Data Science Dojo
Data Science Dojo Alumni - Jay Yamakawa,2017-09-29,259,1,0,Data Science Dojo
Data Science Dojo Alumni - Jorge A. Suárez,2017-09-27,266,4,0,Data Science Dojo
Data Science Dojo Alumni - Josh Walker,2017-09-26,166,1,0,Data Science Dojo
Data Science Dojo Alumni - Marcus Wyche,2017-09-15,264,6,0,Data Science Dojo
Data Science Dojo Alumni - Serge Grenier,2017-09-13,99,0,0,Data Science Dojo
Data Science Dojo Alumni - Peter Shih,2017-09-07,184,1,0,Data Science Dojo
Building a Machine Learning Model | Intro to Azure ML Part 10,2017-09-06,14043,255,26,Data Science Dojo
Splitting & Categorical Casting | Intro to Azure ML Part 9,2017-08-30,9156,192,7,Data Science Dojo
Data Science Dojo Alumni - Jerry Hartanto,2017-08-28,220,1,2,Data Science Dojo
Cleaning & Summarizing Data | Intro to Azure ML Part 8,2017-08-23,9896,129,6,Data Science Dojo
Data Science Dojo Alumni - Ludson Leon,2017-08-22,145,1,0,Data Science Dojo
Model Optimization | Series Conclusion | Introduction to Text Analytics with R Part 12,2017-08-21,6236,129,45,Data Science Dojo
Intro to Data Visualization with R & ggplot2,2017-08-17,250751,3302,132,Data Science Dojo
Dropping & Selecting Columns | Intro to Azure ML Part 7,2017-08-17,7317,71,1,Data Science Dojo
Pre-processing our test data | Introduction to Text Analytics with R Part 11,2017-08-14,8252,94,54,Data Science Dojo
Data Science Dojo Alumni - Danish Sayed,2017-08-10,361,2,0,Data Science Dojo
Data Science Dojo Alumni - Nate Gosselin,2017-08-09,186,1,0,Data Science Dojo
Joining Datasets | Intro to Azure ML Part 6,2017-08-09,9489,94,4,Data Science Dojo
Data Science Dojo Alumni - Fredric Cheung,2017-08-08,116,2,0,Data Science Dojo
Cosine Similarity | Introduction to Text Analytics with R Part 10,2017-08-07,22477,197,23,Data Science Dojo
Renaming & Replicating Data | Intro to Azure ML Part 5,2017-08-02,8016,83,1,Data Science Dojo
Data Science Dojo Alumni - Aidan Waine,2017-08-01,198,4,0,Data Science Dojo
Data Science Dojo Alumni - Lance Dooley,2017-08-01,101,3,0,Data Science Dojo
Model Metrics | Introduction to Text Analytics with R Part 9,2017-07-31,9078,118,21,Data Science Dojo
Data Exploration | Intro to Azure ML Part 4,2017-07-26,12296,103,10,Data Science Dojo
Data Science Dojo Alumni - Taylor Dove,2017-07-24,119,0,0,Data Science Dojo
Singular Value Decomposition (SVD) with R | Introduction to Text Analytics with R Part 8,2017-07-24,18912,189,30,Data Science Dojo
Data Science Dojo Alumni - Ameya Dhaygude,2017-07-22,320,6,0,Data Science Dojo
Data Science Dojo Alumni - Eldon Prince,2017-07-20,168,2,0,Data Science Dojo
Modules & Experiments | Intro to Azure ML Part 3,2017-07-19,16746,161,6,Data Science Dojo
Intro to Azure ML Part 1 | What is Azure Machine Learning?,2017-07-19,53453,340,10,Data Science Dojo
Data Science Dojo Alumni - Brazos Lackey,2017-07-18,148,0,0,Data Science Dojo
"VSM, LSA, & SVD | Introduction to Text Analytics with R Part 7",2017-07-17,22287,256,36,Data Science Dojo
Subscriptions & Workspaces | Intro to Azure ML Part 2,2017-07-12,16904,189,3,Data Science Dojo
N-grams | Introduction to Text Analytics with R Part 6,2017-07-10,27694,245,37,Data Science Dojo
Solving the Titanic Kaggle Competition in Azure ML,2017-07-08,13587,119,4,Data Science Dojo
Data Science Dojo Alumni - Aaron Carney,2017-07-08,112,1,0,Data Science Dojo
Data Visualization & Storytelling with PowerBI,2017-07-06,3840,33,4,Data Science Dojo
TF-IDF | Introduction to Text Analytics with R Part 5,2017-07-03,37707,429,51,Data Science Dojo
Data Science Dojo Alumni - Ben Gawiser,2017-06-28,223,2,0,Data Science Dojo
Building Our First Model | Introduction to Text Analytics with R Part 4,2017-06-26,29731,334,145,Data Science Dojo
Data Pipelines | Introduction to Text Analytics with R Part 3,2017-06-19,33810,451,55,Data Science Dojo
Text Analytics Fundamentals | Introduction to Text Analytics with R Part 2,2017-06-12,44629,604,57,Data Science Dojo
Intro to Machine Learning with R & caret,2017-06-08,86381,1213,68,Data Science Dojo
Introduction to Text Analytics with R Part 1 | Overview,2017-06-05,132561,1474,107,Data Science Dojo
Data Science Dojo Alumni - Bayo (Olubayo) Adekanmbi,2017-05-18,3703,201,3,Data Science Dojo
Data Science Dojo Alumni - Augusto Gesualdi,2017-05-16,181,0,0,Data Science Dojo
Introduction to R Programming for Excel Users,2017-05-04,124830,2019,72,Data Science Dojo
Data Science Dojo Alumni - Jay Gulati,2017-04-26,159,1,0,Data Science Dojo
Data Science Dojo Alumni - Omar Ali,2017-04-25,147,4,0,Data Science Dojo
Data Science Dojo Alumni - Cody Morgan,2017-04-24,142,2,0,Data Science Dojo
Data Science Dojo Alumni - David Herman,2017-04-20,193,3,0,Data Science Dojo
Data Science Dojo Alumni - Patrick Butler,2017-04-18,323,3,0,Data Science Dojo
Data Science Dojo Alumni - Emily McKinney,2017-04-18,169,4,0,Data Science Dojo
Intro to R Visualizations in Microsoft Power BI,2017-04-06,9540,128,4,Data Science Dojo
Data Science Dojo Alumni - Doug O'Donnell,2017-03-28,132,0,0,Data Science Dojo
Business Data Analysis with Excel,2017-03-09,75593,757,10,Data Science Dojo
Data Science Dojo Alumni - Marcello Azambuja,2017-03-01,185,0,0,Data Science Dojo
Data Science Dojo Alumni - Himesh Shah,2017-02-21,302,4,0,Data Science Dojo
Data Science Dojo Alumni - Cedric Williams,2017-02-14,198,3,0,Data Science Dojo
"Intro to Big Data, Data Science & Predictive Analytics",2017-02-10,16511,120,3,Data Science Dojo
Data Science Dojo Alumni - Victoria Butsky,2017-02-08,243,2,0,Data Science Dojo
Data Science Dojo Alumni - Sriharsha Pasupuleti,2017-01-27,487,5,2,Data Science Dojo
Data Science for Everyone,2017-01-24,115911,27,0,Data Science Dojo
Data Science Dojo Alumni - Jon Butler,2017-01-23,320,1,0,Data Science Dojo
Intro to Azure ML & Cloud Computing,2017-01-20,3767,21,0,Data Science Dojo
Introduction to Online Experimentation and A/B Testing,2017-01-12,7827,113,8,Data Science Dojo
Introduction to Event Log Mining with R,2017-01-10,12254,107,6,Data Science Dojo
Intro to Web Scraping with Python and Beautiful Soup,2017-01-07,1390298,27759,1883,Data Science Dojo
Dimensionality Reduction | Introduction to Data Mining part 14,2017-01-07,16147,59,1,Data Science Dojo
Feature Subset Selection | Introduction to Data Mining part 15,2017-01-07,18918,80,2,Data Science Dojo
Similarity & Dissimilarity | Introduction to Data Mining part 17,2017-01-07,53065,243,9,Data Science Dojo
Data Transformation | Introduction to Data Mining part 16,2017-01-07,17694,51,1,Data Science Dojo
Evaluating Correlation | Introduction to Data Mining part 19,2017-01-07,10395,22,0,Data Science Dojo
Euclidean Distance & Cosine Similarity | Introduction to Data Mining part 18,2017-01-07,78277,649,28,Data Science Dojo
Measures of Center & Spread | Introduction to Data Mining part 22,2017-01-07,5898,16,0,Data Science Dojo
Summary Statistics | Introduction to Data Mining part 21,2017-01-07,8861,24,0,Data Science Dojo
Data Exploration & Visualization | Introduction to Data Mining part 20,2017-01-07,16995,67,3,Data Science Dojo
Histograms & Box Plots | Introduction to Data Mining part 23,2017-01-07,8167,32,0,Data Science Dojo
Scatter Plots & Contour Plots | Introduction to Data Mining part 24,2017-01-07,6278,44,9,Data Science Dojo
Basic Vocabulary | Introduction to Data Mining part 1,2017-01-07,79577,519,10,Data Science Dojo
Data Attributes (Part 1) | Introduction to Data Mining part 2,2017-01-07,38099,154,1,Data Science Dojo
Basic Data Types | Introduction to Data Mining part 4,2017-01-07,31594,134,3,Data Science Dojo
Data Attributes (part 2) | Introduction to Data Mining part 3,2017-01-07,23166,73,1,Data Science Dojo
Graph & Ordered Data | Introduction to Data Mining part 6,2017-01-07,14906,48,2,Data Science Dojo
Document & Transaction Data | Introduction to Data Mining part 5,2017-01-07,16322,61,0,Data Science Dojo
Data Quality | Introduction to Data Mining part 7,2017-01-07,15527,49,0,Data Science Dojo
Data Noise | Introduction to Data Mining part 8,2017-01-07,46972,149,0,Data Science Dojo
Data Aggregation | Introduction to Data Mining part 11,2017-01-07,29588,132,3,Data Science Dojo
Data Cleaning | Introduction to Data Mining part 10,2017-01-07,20282,69,0,Data Science Dojo
Missing & Duplicated Data | Introduction to Data Mining part 9,2017-01-07,14863,53,1,Data Science Dojo
Types of Sampling | Introduction to Data Mining part 13,2017-01-07,15983,64,3,Data Science Dojo
Sampling for Data Selection | Introduction to Data Mining part 12,2017-01-07,13134,60,1,Data Science Dojo
Data Science Dojo Nonprofit Fellow - Shaena Montanari,2016-12-07,1407,14,4,Data Science Dojo
Data Science Dojo Alumni - Marais Lombard,2016-12-03,183,1,0,Data Science Dojo
Data Science Dojo Nonprofit Fellow - Rebecca Chapman,2016-12-01,428,3,2,Data Science Dojo
How to do the Titanic Kaggle competition in R - Part 2,2016-11-17,24574,225,18,Data Science Dojo
How to do the Titanic Kaggle competition in R - Part 1,2016-11-16,89541,845,128,Data Science Dojo
Data Science Dojo Alumni - Andrew Berman,2016-11-16,81,0,0,Data Science Dojo
Data Science Dojo Alumni - Priscilla Mannuel,2016-11-16,194,3,0,Data Science Dojo
My First Kaggle Submission,2016-11-15,88377,656,19,Data Science Dojo
Data Science Dojo Alumni - Michael Loehlein,2016-11-14,88,0,0,Data Science Dojo
Data Science Dojo Alumni - Alejandro Wolf Yadlin,2016-11-09,199,0,0,Data Science Dojo
Data Science Dojo Alumni - Heejoong Kim,2016-11-05,88,0,0,Data Science Dojo
Data Science Dojo Alumni - Vang Xiong,2016-11-01,66,0,0,Data Science Dojo
Data Science Dojo Alumni - Ryan LaBrie,2016-11-01,138,0,0,Data Science Dojo
Data Science Dojo Alumni - Vishal Arora,2016-11-01,87,1,0,Data Science Dojo
"Unstructured Text With Python, Microsoft Cognitive Services & PowerBI",2016-10-21,2282,6,2,Data Science Dojo
Data Science Dojo Alumni - Marko Topalovic,2016-10-14,199,4,0,Data Science Dojo
Data Science Dojo Alumni - Kevin Hillaker,2016-10-14,81,2,0,Data Science Dojo
Data Science Dojo Alumni - Stephen Miller,2016-09-13,63,0,0,Data Science Dojo
Data Science Dojo Alumni - Eytan Bensoussan,2016-09-13,282,0,1,Data Science Dojo
Data Science Dojo Alumni - Amina Tariq,2016-09-09,391,1,0,Data Science Dojo
Data Science Dojo Alumni - Michael Atlin,2016-09-08,201,2,0,Data Science Dojo
Data Science Dojo Alumni - Rajesh Patil,2016-08-09,158,0,0,Data Science Dojo
Data Science Dojo Alumni - Jaichitra Balakrishnan,2016-08-09,375,0,0,Data Science Dojo
Data Science Dojo Alumni - Lance Milner,2016-08-09,91,0,0,Data Science Dojo
Data Science Dojo Alumni - Marcos Lacayo,2016-08-09,152,0,0,Data Science Dojo
Data Science Dojo Alumni - Hannah Richta,2016-06-29,470,0,0,Data Science Dojo
Data Science Dojo Alumni - Wade Wimer,2016-06-28,130,1,0,Data Science Dojo
Data Science Dojo Alumni - John Conway,2016-06-28,76,0,0,Data Science Dojo
Data Science Dojo Alumni - Ryan DeMartino,2016-06-25,100,2,0,Data Science Dojo
Data Science Dojo Alumni - Sharon Lane-Getaz,2016-06-25,145,2,0,Data Science Dojo
Scale R to Big Data with Hadoop & Spark,2016-06-17,19736,242,4,Data Science Dojo
Data Science Dojo Alumni - Saad Hameed,2016-05-17,190,1,0,Data Science Dojo
Data Science Dojo Alumni - Srinivas Rao,2016-05-17,295,0,0,Data Science Dojo
Data Science Dojo Alumni - David Wechsler,2016-05-03,224,0,0,Data Science Dojo
Data Science Dojo Alumni - Andrew Choi,2016-05-03,150,0,0,Data Science Dojo
Data Science Dojo Alumni - Dr. Jenna Butler,2016-05-03,378,0,0,Data Science Dojo
Data Science Dojo Nonproft Fellow - Michael DAndrea,2016-05-03,239,0,0,Data Science Dojo
Data Science Dojo Alumni - Artem Kopelev,2016-05-03,305,5,0,Data Science Dojo
Listening to the Melody of the Universe (LIGO Gravitational Waves Presentation),2016-03-24,824,7,0,Data Science Dojo
Building Real-Time Sentiment Pipeline for Live Tweets,2016-02-18,1526,16,2,Data Science Dojo
Beginning Azure ML Part 11 - Using Python API to Obtain Predictions From Your Web Service,2014-10-03,4700,17,3,Data Science Dojo
Beginning Azure ML Part 10 - Using R API to Obtain Predictions From Your Web Service,2014-10-01,5398,14,10,Data Science Dojo
Beginning Azure ML Part 9 - Deploying Your First Predictive Model As a Web Service,2014-09-27,11698,53,8,Data Science Dojo
Beginning Azure ML Part 8 - Run and Fine-Tune Multiple Models,2014-09-03,9520,35,4,Data Science Dojo
Beginning Azure ML Part 7 - Building Your First Model,2014-08-28,11347,35,2,Data Science Dojo
Beginning Azure ML Part 6 - Feature Engineering & R Script,2014-08-27,9741,21,4,Data Science Dojo
"Beginning Azure ML Part 5 - Preprocessing II, Scrub Missing Values & Project Columns",2014-08-25,9873,33,4,Data Science Dojo
"Beginning Azure ML Part 4 - Preprocessing Data I, Casting & Renaming Columns",2014-08-22,12663,41,7,Data Science Dojo
"Beginning Azure ML Part 1 - Importing Data, Accessing, & Creating a New Experiment",2014-08-20,24941,45,1,Data Science Dojo
Beginning Azure ML Part 2 - Reading External Data Sources,2014-08-20,13318,32,2,Data Science Dojo
Beginning Azure ML Part 3 - Data Exploration and Visualization,2014-08-20,13970,38,7,Data Science Dojo
"Feature Exploration, Visualization, and Predictive Modeling with R and Azure ML",2014-08-06,3084,10,1,Data Science Dojo
